timestamp,original,new,supplier,date,status,error
2025-12-21T20:58:15,ebay-documents-1.pdf,,,,error,ocr_failed: Unable to get page count. Is poppler installed and in PATH?
2025-12-21T20:58:15,ebay-documents-2.pdf,,,,error,ocr_failed: Unable to get page count. Is poppler installed and in PATH?
2025-12-21T20:58:15,ebay-documents-3.pdf,,,,error,ocr_failed: Unable to get page count. Is poppler installed and in PATH?
2025-12-21T20:58:15,ebay-documents.pdf,,,,error,ocr_failed: Unable to get page count. Is poppler installed and in PATH?
2025-12-21T21:20:51,ebay-documents-1.pdf,,,,error,Poppler/pdfinfo nicht gefunden – installiere Poppler oder setze DOCARO_POPPLER_BIN,,
2025-12-21T21:20:51,ebay-documents-1_1.pdf,,,,error,Poppler/pdfinfo nicht gefunden – installiere Poppler oder setze DOCARO_POPPLER_BIN,,
2025-12-21T21:20:51,ebay-documents-2.pdf,,,,error,Poppler/pdfinfo nicht gefunden – installiere Poppler oder setze DOCARO_POPPLER_BIN,,
2025-12-21T21:20:51,ebay-documents-2_1.pdf,,,,error,Poppler/pdfinfo nicht gefunden – installiere Poppler oder setze DOCARO_POPPLER_BIN,,
2025-12-21T21:20:51,ebay-documents-3.pdf,,,,error,Poppler/pdfinfo nicht gefunden – installiere Poppler oder setze DOCARO_POPPLER_BIN,,
2025-12-21T21:20:51,ebay-documents-3_1.pdf,,,,error,Poppler/pdfinfo nicht gefunden – installiere Poppler oder setze DOCARO_POPPLER_BIN,,
2025-12-21T21:20:51,ebay-documents.pdf,,,,error,Poppler/pdfinfo nicht gefunden – installiere Poppler oder setze DOCARO_POPPLER_BIN,,
2025-12-21T21:20:51,ebay-documents_1.pdf,,,,error,Poppler/pdfinfo nicht gefunden – installiere Poppler oder setze DOCARO_POPPLER_BIN,,
2025-12-21T21:21:09,ebay-documents-1.pdf,,,,error,Poppler/pdfinfo nicht gefunden – installiere Poppler oder setze DOCARO_POPPLER_BIN,,
2025-12-21T21:21:09,ebay-documents-1_1.pdf,,,,error,Poppler/pdfinfo nicht gefunden – installiere Poppler oder setze DOCARO_POPPLER_BIN,,
2025-12-21T21:21:09,ebay-documents-2.pdf,,,,error,Poppler/pdfinfo nicht gefunden – installiere Poppler oder setze DOCARO_POPPLER_BIN,,
2025-12-21T21:21:09,ebay-documents-2_1.pdf,,,,error,Poppler/pdfinfo nicht gefunden – installiere Poppler oder setze DOCARO_POPPLER_BIN,,
2025-12-21T21:21:09,ebay-documents-3.pdf,,,,error,Poppler/pdfinfo nicht gefunden – installiere Poppler oder setze DOCARO_POPPLER_BIN,,
2025-12-21T21:21:09,ebay-documents-3_1.pdf,,,,error,Poppler/pdfinfo nicht gefunden – installiere Poppler oder setze DOCARO_POPPLER_BIN,,
2025-12-21T21:21:09,ebay-documents-3_2.pdf,,,,error,Poppler/pdfinfo nicht gefunden – installiere Poppler oder setze DOCARO_POPPLER_BIN,,
2025-12-21T21:21:09,ebay-documents.pdf,,,,error,Poppler/pdfinfo nicht gefunden – installiere Poppler oder setze DOCARO_POPPLER_BIN,,
2025-12-21T21:21:09,ebay-documents_1.pdf,,,,error,Poppler/pdfinfo nicht gefunden – installiere Poppler oder setze DOCARO_POPPLER_BIN,,
2025-12-21T21:33:08,ebay-documents-1.pdf,,,,error,Poppler/pdfinfo nicht gefunden – installiere Poppler oder setze DOCARO_POPPLER_BIN,,
2025-12-21T21:33:08,ebay-documents-1_1.pdf,,,,error,Poppler/pdfinfo nicht gefunden – installiere Poppler oder setze DOCARO_POPPLER_BIN,,
2025-12-21T21:33:08,ebay-documents-2.pdf,,,,error,Poppler/pdfinfo nicht gefunden – installiere Poppler oder setze DOCARO_POPPLER_BIN,,
2025-12-21T21:33:08,ebay-documents-2_1.pdf,,,,error,Poppler/pdfinfo nicht gefunden – installiere Poppler oder setze DOCARO_POPPLER_BIN,,
2025-12-21T21:33:08,ebay-documents-3.pdf,,,,error,Poppler/pdfinfo nicht gefunden – installiere Poppler oder setze DOCARO_POPPLER_BIN,,
2025-12-21T21:33:08,ebay-documents-3_1.pdf,,,,error,Poppler/pdfinfo nicht gefunden – installiere Poppler oder setze DOCARO_POPPLER_BIN,,
2025-12-21T21:33:08,ebay-documents-3_2.pdf,,,,error,Poppler/pdfinfo nicht gefunden – installiere Poppler oder setze DOCARO_POPPLER_BIN,,
2025-12-21T21:33:08,ebay-documents-3_3.pdf,,,,error,Poppler/pdfinfo nicht gefunden – installiere Poppler oder setze DOCARO_POPPLER_BIN,,
2025-12-21T21:33:08,ebay-documents.pdf,,,,error,Poppler/pdfinfo nicht gefunden – installiere Poppler oder setze DOCARO_POPPLER_BIN,,
2025-12-21T21:33:08,ebay-documents_1.pdf,,,,error,Poppler/pdfinfo nicht gefunden – installiere Poppler oder setze DOCARO_POPPLER_BIN,,
2025-12-21T21:34:38,ebay-documents-1.pdf,,,,error,ocr_failed: tesseract is not installed or it's not in your PATH. See README file for more information.,,D:\Docaro\poppler\Library\bin
2025-12-21T21:34:39,ebay-documents-1_1.pdf,,,,error,ocr_failed: tesseract is not installed or it's not in your PATH. See README file for more information.,,D:\Docaro\poppler\Library\bin
2025-12-21T21:34:39,ebay-documents-1_2.pdf,,,,error,ocr_failed: tesseract is not installed or it's not in your PATH. See README file for more information.,,D:\Docaro\poppler\Library\bin
2025-12-21T21:34:41,ebay-documents-2.pdf,,,,error,ocr_failed: tesseract is not installed or it's not in your PATH. See README file for more information.,,D:\Docaro\poppler\Library\bin
2025-12-21T21:34:41,ebay-documents-2_1.pdf,,,,error,ocr_failed: tesseract is not installed or it's not in your PATH. See README file for more information.,,D:\Docaro\poppler\Library\bin
2025-12-21T21:34:42,ebay-documents-3.pdf,,,,error,ocr_failed: tesseract is not installed or it's not in your PATH. See README file for more information.,,D:\Docaro\poppler\Library\bin
2025-12-21T21:34:42,ebay-documents-3_1.pdf,,,,error,ocr_failed: tesseract is not installed or it's not in your PATH. See README file for more information.,,D:\Docaro\poppler\Library\bin
2025-12-21T21:34:43,ebay-documents-3_2.pdf,,,,error,ocr_failed: tesseract is not installed or it's not in your PATH. See README file for more information.,,D:\Docaro\poppler\Library\bin
2025-12-21T21:34:43,ebay-documents-3_3.pdf,,,,error,ocr_failed: tesseract is not installed or it's not in your PATH. See README file for more information.,,D:\Docaro\poppler\Library\bin
2025-12-21T21:34:44,ebay-documents.pdf,,,,error,ocr_failed: tesseract is not installed or it's not in your PATH. See README file for more information.,,D:\Docaro\poppler\Library\bin
2025-12-21T21:34:44,ebay-documents_1.pdf,,,,error,ocr_failed: tesseract is not installed or it's not in your PATH. See README file for more information.,,D:\Docaro\poppler\Library\bin
2025-12-21T21:37:20,ebay-documents-1.pdf,,,,error,"ocr_failed: (1, 'Error opening data file D:\\Docaro\\Tesseract OCR Windows installer/tessdata/deu.traineddata Please make sure the TESSDATA_PREFIX environment variable is set to your ""tessdata"" directory. Failed loading language \'deu\' Tesseract couldn\'t load any languages! Could not initialize tesseract.')",D:\Docaro\Tesseract OCR Windows installer\tesseract.exe,D:\Docaro\poppler\Library\bin
2025-12-21T21:37:20,ebay-documents-1_1.pdf,,,,error,"ocr_failed: (1, 'Error opening data file D:\\Docaro\\Tesseract OCR Windows installer/tessdata/deu.traineddata Please make sure the TESSDATA_PREFIX environment variable is set to your ""tessdata"" directory. Failed loading language \'deu\' Tesseract couldn\'t load any languages! Could not initialize tesseract.')",D:\Docaro\Tesseract OCR Windows installer\tesseract.exe,D:\Docaro\poppler\Library\bin
2025-12-21T21:37:21,ebay-documents-1_2.pdf,,,,error,"ocr_failed: (1, 'Error opening data file D:\\Docaro\\Tesseract OCR Windows installer/tessdata/deu.traineddata Please make sure the TESSDATA_PREFIX environment variable is set to your ""tessdata"" directory. Failed loading language \'deu\' Tesseract couldn\'t load any languages! Could not initialize tesseract.')",D:\Docaro\Tesseract OCR Windows installer\tesseract.exe,D:\Docaro\poppler\Library\bin
2025-12-21T21:37:21,ebay-documents-2.pdf,,,,error,"ocr_failed: (1, 'Error opening data file D:\\Docaro\\Tesseract OCR Windows installer/tessdata/deu.traineddata Please make sure the TESSDATA_PREFIX environment variable is set to your ""tessdata"" directory. Failed loading language \'deu\' Tesseract couldn\'t load any languages! Could not initialize tesseract.')",D:\Docaro\Tesseract OCR Windows installer\tesseract.exe,D:\Docaro\poppler\Library\bin
2025-12-21T21:37:22,ebay-documents-2_1.pdf,,,,error,"ocr_failed: (1, 'Error opening data file D:\\Docaro\\Tesseract OCR Windows installer/tessdata/deu.traineddata Please make sure the TESSDATA_PREFIX environment variable is set to your ""tessdata"" directory. Failed loading language \'deu\' Tesseract couldn\'t load any languages! Could not initialize tesseract.')",D:\Docaro\Tesseract OCR Windows installer\tesseract.exe,D:\Docaro\poppler\Library\bin
2025-12-21T21:37:22,ebay-documents-3.pdf,,,,error,"ocr_failed: (1, 'Error opening data file D:\\Docaro\\Tesseract OCR Windows installer/tessdata/deu.traineddata Please make sure the TESSDATA_PREFIX environment variable is set to your ""tessdata"" directory. Failed loading language \'deu\' Tesseract couldn\'t load any languages! Could not initialize tesseract.')",D:\Docaro\Tesseract OCR Windows installer\tesseract.exe,D:\Docaro\poppler\Library\bin
2025-12-21T21:37:23,ebay-documents-3_1.pdf,,,,error,"ocr_failed: (1, 'Error opening data file D:\\Docaro\\Tesseract OCR Windows installer/tessdata/deu.traineddata Please make sure the TESSDATA_PREFIX environment variable is set to your ""tessdata"" directory. Failed loading language \'deu\' Tesseract couldn\'t load any languages! Could not initialize tesseract.')",D:\Docaro\Tesseract OCR Windows installer\tesseract.exe,D:\Docaro\poppler\Library\bin
2025-12-21T21:37:23,ebay-documents-3_2.pdf,,,,error,"ocr_failed: (1, 'Error opening data file D:\\Docaro\\Tesseract OCR Windows installer/tessdata/deu.traineddata Please make sure the TESSDATA_PREFIX environment variable is set to your ""tessdata"" directory. Failed loading language \'deu\' Tesseract couldn\'t load any languages! Could not initialize tesseract.')",D:\Docaro\Tesseract OCR Windows installer\tesseract.exe,D:\Docaro\poppler\Library\bin
2025-12-21T21:37:24,ebay-documents-3_3.pdf,,,,error,"ocr_failed: (1, 'Error opening data file D:\\Docaro\\Tesseract OCR Windows installer/tessdata/deu.traineddata Please make sure the TESSDATA_PREFIX environment variable is set to your ""tessdata"" directory. Failed loading language \'deu\' Tesseract couldn\'t load any languages! Could not initialize tesseract.')",D:\Docaro\Tesseract OCR Windows installer\tesseract.exe,D:\Docaro\poppler\Library\bin
2025-12-21T21:37:24,ebay-documents-3_4.pdf,,,,error,"ocr_failed: (1, 'Error opening data file D:\\Docaro\\Tesseract OCR Windows installer/tessdata/deu.traineddata Please make sure the TESSDATA_PREFIX environment variable is set to your ""tessdata"" directory. Failed loading language \'deu\' Tesseract couldn\'t load any languages! Could not initialize tesseract.')",D:\Docaro\Tesseract OCR Windows installer\tesseract.exe,D:\Docaro\poppler\Library\bin
2025-12-21T21:37:25,ebay-documents.pdf,,,,error,"ocr_failed: (1, 'Error opening data file D:\\Docaro\\Tesseract OCR Windows installer/tessdata/deu.traineddata Please make sure the TESSDATA_PREFIX environment variable is set to your ""tessdata"" directory. Failed loading language \'deu\' Tesseract couldn\'t load any languages! Could not initialize tesseract.')",D:\Docaro\Tesseract OCR Windows installer\tesseract.exe,D:\Docaro\poppler\Library\bin
2025-12-21T21:37:25,ebay-documents_1.pdf,,,,error,"ocr_failed: (1, 'Error opening data file D:\\Docaro\\Tesseract OCR Windows installer/tessdata/deu.traineddata Please make sure the TESSDATA_PREFIX environment variable is set to your ""tessdata"" directory. Failed loading language \'deu\' Tesseract couldn\'t load any languages! Could not initialize tesseract.')",D:\Docaro\Tesseract OCR Windows installer\tesseract.exe,D:\Docaro\poppler\Library\bin
2025-12-21T21:45:00,ebay-documents-1.pdf,Unbekannt_unbekanntes-Datum.pdf,Unbekannt,,ok,,D:\Docaro\Tesseract OCR Windows installer\tesseract.exe,D:\Docaro\poppler\Library\bin
2025-12-21T21:45:03,ebay-documents-1_1.pdf,Unbekannt_unbekanntes-Datum_1.pdf,Unbekannt,,ok,,D:\Docaro\Tesseract OCR Windows installer\tesseract.exe,D:\Docaro\poppler\Library\bin
2025-12-21T21:45:06,ebay-documents-1_2.pdf,Unbekannt_unbekanntes-Datum_2.pdf,Unbekannt,,ok,,D:\Docaro\Tesseract OCR Windows installer\tesseract.exe,D:\Docaro\poppler\Library\bin
2025-12-21T21:45:09,ebay-documents-2.pdf,Unbekannt_unbekanntes-Datum_3.pdf,Unbekannt,,ok,,D:\Docaro\Tesseract OCR Windows installer\tesseract.exe,D:\Docaro\poppler\Library\bin
2025-12-21T21:45:12,ebay-documents-2_1.pdf,Unbekannt_unbekanntes-Datum_4.pdf,Unbekannt,,ok,,D:\Docaro\Tesseract OCR Windows installer\tesseract.exe,D:\Docaro\poppler\Library\bin
2025-12-21T21:45:15,ebay-documents-3.pdf,Unbekannt_unbekanntes-Datum_5.pdf,Unbekannt,,ok,,D:\Docaro\Tesseract OCR Windows installer\tesseract.exe,D:\Docaro\poppler\Library\bin
2025-12-21T21:45:18,ebay-documents-3_1.pdf,Unbekannt_unbekanntes-Datum_6.pdf,Unbekannt,,ok,,D:\Docaro\Tesseract OCR Windows installer\tesseract.exe,D:\Docaro\poppler\Library\bin
2025-12-21T21:45:21,ebay-documents-3_2.pdf,Unbekannt_unbekanntes-Datum_7.pdf,Unbekannt,,ok,,D:\Docaro\Tesseract OCR Windows installer\tesseract.exe,D:\Docaro\poppler\Library\bin
2025-12-21T21:45:24,ebay-documents-3_3.pdf,Unbekannt_unbekanntes-Datum_8.pdf,Unbekannt,,ok,,D:\Docaro\Tesseract OCR Windows installer\tesseract.exe,D:\Docaro\poppler\Library\bin
2025-12-21T21:45:27,ebay-documents-3_4.pdf,Unbekannt_unbekanntes-Datum_9.pdf,Unbekannt,,ok,,D:\Docaro\Tesseract OCR Windows installer\tesseract.exe,D:\Docaro\poppler\Library\bin
2025-12-21T21:45:30,ebay-documents-3_5.pdf,Unbekannt_unbekanntes-Datum_10.pdf,Unbekannt,,ok,,D:\Docaro\Tesseract OCR Windows installer\tesseract.exe,D:\Docaro\poppler\Library\bin
2025-12-21T21:45:33,ebay-documents.pdf,Unbekannt_unbekanntes-Datum_11.pdf,Unbekannt,,ok,,D:\Docaro\Tesseract OCR Windows installer\tesseract.exe,D:\Docaro\poppler\Library\bin
2025-12-21T21:45:36,ebay-documents_1.pdf,Unbekannt_unbekanntes-Datum_12.pdf,Unbekannt,,ok,,D:\Docaro\Tesseract OCR Windows installer\tesseract.exe,D:\Docaro\poppler\Library\bin
2025-12-21T22:02:57,ebay-documents-3.pdf,Unbekannt_unbekanntes-Datum_13.pdf,Unbekannt,,ok,,D:\Docaro\Tesseract OCR Windows installer\tesseract.exe,D:\Docaro\poppler\Library\bin
2025-12-21T22:18:57,ebay-documents-3.pdf,aufgrund_Anwendung_der_Gesamtbetrag_EUR_11_50_2024-07-31.pdf,"aufgrund Anwendung der Gesamtbetrag EUR 11,50",2024-07-31,bestelldatum,ok,,D:\Docaro\Tesseract OCR Windows installer\tesseract.exe,D:\Docaro\poppler\Library\bin
2025-12-21T22:20:02,ebay-documents-3.pdf,Machu-_Parts_2024-07-31.pdf,Machu- Parts,2024-07-31,bestelldatum,ok,,D:\Docaro\Tesseract OCR Windows installer\tesseract.exe,D:\Docaro\poppler\Library\bin
2025-12-22T06:35:36,scan.pdf,Förch_2025-11-17.pdf,Förch,2025-11-17,lieferdatum,ok,,D:\Docaro\Tesseract OCR Windows installer\tesseract.exe,D:\Docaro\poppler\Library\bin
2025-12-22T06:35:40,scan_20251120053230.pdf,Manitowoc_2025-11-13.pdf,Manitowoc,2025-11-13,rechnungsdatum,ok,,D:\Docaro\Tesseract OCR Windows installer\tesseract.exe,D:\Docaro\poppler\Library\bin
2025-12-22T06:35:44,scan_20251120054156.pdf,PV_Automotive_2025-11-18.pdf,PV Automotive,2025-11-18,fallback,ok,,D:\Docaro\Tesseract OCR Windows installer\tesseract.exe,D:\Docaro\poppler\Library\bin
2025-12-22T06:35:48,scan_20251120054226.pdf,Pirtek_unbekanntes-Datum.pdf,Pirtek,,,ok,,D:\Docaro\Tesseract OCR Windows installer\tesseract.exe,D:\Docaro\poppler\Library\bin
2025-12-22T06:42:39,scan_20251127053050.pdf,Hofmeister_2025-11-25.pdf,Hofmeister,2025-11-25,fallback,ok,,D:\Docaro\Tesseract OCR Windows installer\tesseract.exe,D:\Docaro\poppler\Library\bin
2025-12-22T06:42:43,scan_20251127053135.pdf,PV_Automotive_2025-11-25.pdf,PV Automotive,2025-11-25,fallback,ok,,D:\Docaro\Tesseract OCR Windows installer\tesseract.exe,D:\Docaro\poppler\Library\bin
2025-12-22T06:42:47,scan_20251127053216.pdf,PV_Automotive_2025-11-25_1.pdf,PV Automotive,2025-11-25,fallback,ok,,D:\Docaro\Tesseract OCR Windows installer\tesseract.exe,D:\Docaro\poppler\Library\bin
2025-12-22T06:42:51,scan_20251127071452.pdf,WM_unbekanntes-Datum.pdf,WM,,,ok,,D:\Docaro\Tesseract OCR Windows installer\tesseract.exe,D:\Docaro\poppler\Library\bin
2025-12-22T06:42:55,scan_20251127082231.pdf,Funk-_u__Informationstechnik_GmbH_i_f_2025-11-25.pdf,Funk- u. Informationstechnik GmbH i f,2025-11-25,lieferdatum,ok,,D:\Docaro\Tesseract OCR Windows installer\tesseract.exe,D:\Docaro\poppler\Library\bin
2025-12-22T06:43:00,scan_20251127083249.pdf,Vergoelst_unbekanntes-Datum.pdf,Vergoelst,,,ok,,D:\Docaro\Tesseract OCR Windows installer\tesseract.exe,D:\Docaro\poppler\Library\bin
2025-12-22T06:49:44,scan_20251124063106.pdf,Datum_der_Übergabe__Tag__Monat__Jahr__Datum_der_Übernahme__Tag__Monat__Jahr__Datum_der_Annahme__Tag__Monat__Jahr__unbekanntes-Datum.pdf,"Datum der Übergabe (Tag, Monat, Jahr) Datum der Übernahme (Tag, Monat, Jahr) Datum der Annahme (Tag, Monat, Jahr)",,,ok,,D:\Docaro\Tesseract OCR Windows installer\tesseract.exe,D:\Docaro\poppler\Library\bin
2025-12-22T06:49:48,scan_20251124063139.pdf,Förch_2025-11-20.pdf,Förch,2025-11-20,lieferdatum,ok,,D:\Docaro\Tesseract OCR Windows installer\tesseract.exe,D:\Docaro\poppler\Library\bin
2025-12-22T06:49:52,scan_20251124063727.pdf,Fuchs_2025-11-20.pdf,Fuchs,2025-11-20,fallback,ok,,D:\Docaro\Tesseract OCR Windows installer\tesseract.exe,D:\Docaro\poppler\Library\bin
2025-12-22T06:49:56,scan_20251124063825.pdf,PV_Automotive_2025-11-21.pdf,PV Automotive,2025-11-21,fallback,ok,,D:\Docaro\Tesseract OCR Windows installer\tesseract.exe,D:\Docaro\poppler\Library\bin
2025-12-22T06:50:00,scan_20251124063858.pdf,Tadano_unbekanntes-Datum.pdf,Tadano,,,ok,,D:\Docaro\Tesseract OCR Windows installer\tesseract.exe,D:\Docaro\poppler\Library\bin
2025-12-22T06:50:03,scan_20251124063927.pdf,WM_unbekanntes-Datum.pdf,WM,,,ok,,D:\Docaro\Tesseract OCR Windows installer\tesseract.exe,D:\Docaro\poppler\Library\bin
2025-12-22T06:50:07,scan_20251124063950.pdf,902162_84H_Hebung_Hy__HaWg_Bunemiensgeunen_2104_eyeyosjjessg_Jspusyey_yolugslag___SGBLF2_VaH_HÖNNIS_Hy_Yesosissoßlipuewwoy_unbekanntes-Datum.pdf,902162 84H Hebung Hy ‘HaWg Bunemiensgeunen 2104 eyeyosjjessg Jspusyey yolugslag | SGBLF2 VaH HÖNNIS Hy Yesosissoßlipuewwoy,,,ok,,D:\Docaro\Tesseract OCR Windows installer\tesseract.exe,D:\Docaro\poppler\Library\bin
2025-12-22T06:50:11,scan_20251124115937.pdf,BEE_KRAN_-_VERMIETUNG_GmbH_unbekanntes-Datum.pdf,BEE KRAN - VERMIETUNG GmbH,,,ok,,D:\Docaro\Tesseract OCR Windows installer\tesseract.exe,D:\Docaro\poppler\Library\bin
2025-12-22T06:50:16,scan_20251126052642.pdf,Vergoelst_unbekanntes-Datum.pdf,Vergoelst,,,ok,,D:\Docaro\Tesseract OCR Windows installer\tesseract.exe,D:\Docaro\poppler\Library\bin
2025-12-22T06:50:20,scan_20251126052720.pdf,PV_Automotive_2025-11-25.pdf,PV Automotive,2025-11-25,fallback,ok,,D:\Docaro\Tesseract OCR Windows installer\tesseract.exe,D:\Docaro\poppler\Library\bin
2025-12-22T09:21:13,scan_20251124063106.pdf,Datum_der_Übergabe__Tag__Monat__Jahr__Datum_der_Übernahme__Tag__Monat__Jahr__Datum_der_Annahme__Tag__Monat__Jahr__unbekanntes-Datum.pdf,"Datum der Übergabe (Tag, Monat, Jahr) Datum der Übernahme (Tag, Monat, Jahr) Datum der Annahme (Tag, Monat, Jahr)",,,ok,,D:\Docaro\Tesseract OCR Windows installer\tesseract.exe,D:\Docaro\poppler\Library\bin
2025-12-22T09:21:16,scan_20251124063139.pdf,Förch_GmbH___Co__KG_20.11.2025.pdf,Förch GmbH & Co. KG,2025-11-20,lieferdatum,ok,,D:\Docaro\Tesseract OCR Windows installer\tesseract.exe,D:\Docaro\poppler\Library\bin
2025-12-22T09:21:22,scan_20251124063727.pdf,Fuchs_20.11.2025.pdf,Fuchs,2025-11-20,fallback,ok,,D:\Docaro\Tesseract OCR Windows installer\tesseract.exe,D:\Docaro\poppler\Library\bin
2025-12-22T09:21:26,scan_20251124063825.pdf,PV_Automotive_21.11.2025.pdf,PV Automotive,2025-11-21,fallback,ok,,D:\Docaro\Tesseract OCR Windows installer\tesseract.exe,D:\Docaro\poppler\Library\bin
2025-12-22T09:21:30,scan_20251124063858.pdf,Tadano_20.11.2025.pdf,Tadano,2025-11-20,document_date,ok,,D:\Docaro\Tesseract OCR Windows installer\tesseract.exe,D:\Docaro\poppler\Library\bin
2025-12-22T09:21:39,scan_20251124063927.pdf,,"000, =#.:00L=8:0L=2yonS = | = Id + eysquonsunusßlg senejanı) wnssayduyapjap'um ‚ne uapuy nz ‘szozjeg pue1g ji usßunßuipagsßuniyez pun -SaunIE}2]T ueyjanpje Lap nz uaßjoje uaßunsgjaT ayoınueg ""SUynyY HeH ‘yosor ueßinp-sueH 1emnay JeH rZr egesıoysejsusßeg",,,error,"move_failed: [WinError 123] Die Syntax für den Dateinamen, Verzeichnisnamen oder die Datenträgerbezeichnung ist falsch: 'D:\\Docaro\\data\\eingang\\scan_20251124063927.pdf' -> 'D:\\Docaro\\data\\fertig\\000___00L_8_0L_2yonS_______Id___eysquonsunusßlg_senejanı__wnssayduyapjap_um__ne_uapuy_nz__szozjeg_pue1g_ji_usßunßuipagsßuniyez_pun_-SaunIE_2_T_ueyjanpje_Lap_nz_uaßjoje_uaßunsgjaT_ayoınueg__SUynyY_HeH__yosor_ueßinp-sueH_1emnay_JeH_rZr_egesıoysejsusßeg_unbekanntes-Datum.pdf'",D:\Docaro\Tesseract OCR Windows installer\tesseract.exe,D:\Docaro\poppler\Library\bin
2025-12-22T09:21:47,scan_20251124063950.pdf,Kran-Vermietung_GmbH_20.11.2025.pdf,Kran-Vermietung GmbH,2025-11-20,lieferdatum,ok,,D:\Docaro\Tesseract OCR Windows installer\tesseract.exe,D:\Docaro\poppler\Library\bin
2025-12-22T09:21:54,scan_20251124115937.pdf,ASM_List_unbekanntes-Datum.pdf,ASM List,,,ok,,D:\Docaro\Tesseract OCR Windows installer\tesseract.exe,D:\Docaro\poppler\Library\bin
2025-12-22T09:21:58,scan_20251126052642.pdf,Vergoelst_25.11.2025.pdf,Vergoelst,2025-11-25,beleg-datum,ok,,D:\Docaro\Tesseract OCR Windows installer\tesseract.exe,D:\Docaro\poppler\Library\bin
2025-12-22T09:22:03,scan_20251126052720.pdf,PV_Automotive_25.11.2025.pdf,PV Automotive,2025-11-25,fallback,ok,,D:\Docaro\Tesseract OCR Windows installer\tesseract.exe,D:\Docaro\poppler\Library\bin
2025-12-22T09:27:08,scan_20251120131519.pdf,Liebherr_Ehingen_2025-11-19.pdf,Liebherr_Ehingen,2025-11-19,fallback,ok,,D:\Docaro\Tesseract OCR Windows installer\tesseract.exe,D:\Docaro\poppler\Library\bin
2025-12-22T09:27:14,scan_20251124062752.pdf,Fuchs_2025-11-20.pdf,Fuchs,2025-11-20,fallback,ok,,D:\Docaro\Tesseract OCR Windows installer\tesseract.exe,D:\Docaro\poppler\Library\bin
2025-12-22T09:27:22,scan_20251124063106.pdf,Datum_der_Übergabe__Tag__Monat__Jahr__Datum_der_Übernahme__Tag__Monat__Jahr__Datum_der_Annahme__Tag__Monat__Jahr__unbekanntes-Datum.pdf,"Datum der Übergabe (Tag, Monat, Jahr) Datum der Übernahme (Tag, Monat, Jahr) Datum der Annahme (Tag, Monat, Jahr)",,,ok,,D:\Docaro\Tesseract OCR Windows installer\tesseract.exe,D:\Docaro\poppler\Library\bin
2025-12-22T09:27:25,scan_20251124063139.pdf,Förch_GmbH___Co__KG_2025-11-20.pdf,Förch GmbH & Co. KG,2025-11-20,lieferdatum,ok,,D:\Docaro\Tesseract OCR Windows installer\tesseract.exe,D:\Docaro\poppler\Library\bin
2025-12-22T09:27:32,scan_20251124063727.pdf,Fuchs_2025-11-20_1.pdf,Fuchs,2025-11-20,fallback,ok,,D:\Docaro\Tesseract OCR Windows installer\tesseract.exe,D:\Docaro\poppler\Library\bin
2025-12-22T09:27:36,scan_20251124063825.pdf,PV_Automotive_2025-11-21.pdf,PV Automotive,2025-11-21,fallback,ok,,D:\Docaro\Tesseract OCR Windows installer\tesseract.exe,D:\Docaro\poppler\Library\bin
2025-12-22T09:27:40,scan_20251124063858.pdf,Tadano_2025-11-20.pdf,Tadano,2025-11-20,document_date,ok,,D:\Docaro\Tesseract OCR Windows installer\tesseract.exe,D:\Docaro\poppler\Library\bin
2025-12-22T09:27:49,scan_20251124063927.pdf,,"000, =#.:00L=8:0L=2yonS = | = Id + eysquonsunusßlg senejanı) wnssayduyapjap'um ‚ne uapuy nz ‘szozjeg pue1g ji usßunßuipagsßuniyez pun -SaunIE}2]T ueyjanpje Lap nz uaßjoje uaßunsgjaT ayoınueg ""SUynyY HeH ‘yosor ueßinp-sueH 1emnay JeH rZr egesıoysejsusßeg",,,error,"move_failed: [WinError 123] Die Syntax für den Dateinamen, Verzeichnisnamen oder die Datenträgerbezeichnung ist falsch: 'D:\\Docaro\\data\\eingang\\scan_20251124063927.pdf' -> 'D:\\Docaro\\data\\fertig\\000___00L_8_0L_2yonS_______Id___eysquonsunusßlg_senejanı__wnssayduyapjap_um__ne_uapuy_nz__szozjeg_pue1g_ji_usßunßuipagsßuniyez_pun_-SaunIE_2_T_ueyjanpje_Lap_nz_uaßjoje_uaßunsgjaT_ayoınueg__SUynyY_HeH__yosor_ueßinp-sueH_1emnay_JeH_rZr_egesıoysejsusßeg_unbekanntes-Datum.pdf'",D:\Docaro\Tesseract OCR Windows installer\tesseract.exe,D:\Docaro\poppler\Library\bin
2025-12-22T09:27:58,scan_20251124063950.pdf,Kran-Vermietung_GmbH_2025-11-20.pdf,Kran-Vermietung GmbH,2025-11-20,lieferdatum,ok,,D:\Docaro\Tesseract OCR Windows installer\tesseract.exe,D:\Docaro\poppler\Library\bin
2025-12-22T09:28:06,scan_20251124115937.pdf,ASM_List_unbekanntes-Datum.pdf,ASM List,,,ok,,D:\Docaro\Tesseract OCR Windows installer\tesseract.exe,D:\Docaro\poppler\Library\bin
2025-12-22T09:28:13,scan_20251126052642.pdf,Vergoelst_2025-11-25.pdf,Vergoelst,2025-11-25,beleg-datum,ok,,D:\Docaro\Tesseract OCR Windows installer\tesseract.exe,D:\Docaro\poppler\Library\bin
2025-12-22T09:28:17,scan_20251126052720.pdf,PV_Automotive_2025-11-25.pdf,PV Automotive,2025-11-25,fallback,ok,,D:\Docaro\Tesseract OCR Windows installer\tesseract.exe,D:\Docaro\poppler\Library\bin
2025-12-22T10:23:04,scan_20251124062752.pdf,Fuchs_20.11.2025.pdf,Fuchs,2025-11-20,fallback,ok,,D:\Docaro\Tesseract OCR Windows installer\tesseract.exe,D:\Docaro\poppler\Library\bin
2025-12-22T10:23:12,scan_20251124063106.pdf,Datum_der_Übergabe_Tag_Monat_Jahr_73e757_unbekanntes-Datum.pdf,"Datum der Übergabe (Tag, Monat, Jahr) Datum der Übernahme (Tag, Monat, Jahr) Datum der Annahme (Tag, Monat, Jahr)",,,ok,,D:\Docaro\Tesseract OCR Windows installer\tesseract.exe,D:\Docaro\poppler\Library\bin
2025-12-22T10:23:15,scan_20251124063139.pdf,Förch_GmbH_Co._KG_20.11.2025.pdf,Förch GmbH & Co. KG,2025-11-20,lieferdatum,ok,,D:\Docaro\Tesseract OCR Windows installer\tesseract.exe,D:\Docaro\poppler\Library\bin
2025-12-22T10:23:23,scan_20251124063727.pdf,Fuchs_20.11.2025_1.pdf,Fuchs,2025-11-20,fallback,ok,,D:\Docaro\Tesseract OCR Windows installer\tesseract.exe,D:\Docaro\poppler\Library\bin
2025-12-22T10:23:27,scan_20251124063825.pdf,PV_Automotive_21.11.2025.pdf,PV Automotive,2025-11-21,fallback,ok,,D:\Docaro\Tesseract OCR Windows installer\tesseract.exe,D:\Docaro\poppler\Library\bin
2025-12-22T10:23:31,scan_20251124063858.pdf,Tadano_20.11.2025.pdf,Tadano,2025-11-20,document_date,ok,,D:\Docaro\Tesseract OCR Windows installer\tesseract.exe,D:\Docaro\poppler\Library\bin
2025-12-22T10:23:40,scan_20251124063927.pdf,000_._00L_8_0L_2yonS_Id_eysquonsu_4b1fb7_unbekanntes-Datum.pdf,"000, =#.:00L=8:0L=2yonS = | = Id + eysquonsunusßlg senejanı) wnssayduyapjap'um ‚ne uapuy nz ‘szozjeg pue1g ji usßunßuipagsßuniyez pun -SaunIE}2]T ueyjanpje Lap nz uaßjoje uaßunsgjaT ayoınueg ""SUynyY HeH ‘yosor ueßinp-sueH 1emnay JeH rZr egesıoysejsusßeg",,,ok,,D:\Docaro\Tesseract OCR Windows installer\tesseract.exe,D:\Docaro\poppler\Library\bin
2025-12-22T10:23:50,scan_20251124063950.pdf,Kran-Vermietung_GmbH_20.11.2025.pdf,Kran-Vermietung GmbH,2025-11-20,lieferdatum,ok,,D:\Docaro\Tesseract OCR Windows installer\tesseract.exe,D:\Docaro\poppler\Library\bin
2025-12-22T10:25:58,scan_20251120131519.pdf,Liebherr_Ehingen_2025-11-19.pdf,Liebherr_Ehingen,2025-11-19,fallback,ok,,D:\Docaro\Tesseract OCR Windows installer\tesseract.exe,D:\Docaro\poppler\Library\bin
2025-12-22T10:26:05,scan_20251124062752.pdf,Fuchs_2025-11-20.pdf,Fuchs,2025-11-20,fallback,ok,,D:\Docaro\Tesseract OCR Windows installer\tesseract.exe,D:\Docaro\poppler\Library\bin
2025-12-22T10:26:13,scan_20251124063106.pdf,Datum_der_Übergabe_Tag_Monat_Jahr_73e757_unbekanntes-Datum_1.pdf,"Datum der Übergabe (Tag, Monat, Jahr) Datum der Übernahme (Tag, Monat, Jahr) Datum der Annahme (Tag, Monat, Jahr)",,,ok,,D:\Docaro\Tesseract OCR Windows installer\tesseract.exe,D:\Docaro\poppler\Library\bin
2025-12-22T10:26:17,scan_20251124063139.pdf,Förch_GmbH_Co._KG_2025-11-20.pdf,Förch GmbH & Co. KG,2025-11-20,lieferdatum,ok,,D:\Docaro\Tesseract OCR Windows installer\tesseract.exe,D:\Docaro\poppler\Library\bin
2025-12-22T10:26:24,scan_20251124063727.pdf,Fuchs_2025-11-20_1.pdf,Fuchs,2025-11-20,fallback,ok,,D:\Docaro\Tesseract OCR Windows installer\tesseract.exe,D:\Docaro\poppler\Library\bin
2025-12-22T10:26:29,scan_20251124063825.pdf,PV_Automotive_2025-11-21.pdf,PV Automotive,2025-11-21,fallback,ok,,D:\Docaro\Tesseract OCR Windows installer\tesseract.exe,D:\Docaro\poppler\Library\bin
2025-12-22T10:26:33,scan_20251124063858.pdf,Tadano_2025-11-20.pdf,Tadano,2025-11-20,document_date,ok,,D:\Docaro\Tesseract OCR Windows installer\tesseract.exe,D:\Docaro\poppler\Library\bin
2025-12-22T10:26:42,scan_20251124063927.pdf,000_._00L_8_0L_2yonS_Id_eysquonsu_4b1fb7_unbekanntes-Datum_1.pdf,"000, =#.:00L=8:0L=2yonS = | = Id + eysquonsunusßlg senejanı) wnssayduyapjap'um ‚ne uapuy nz ‘szozjeg pue1g ji usßunßuipagsßuniyez pun -SaunIE}2]T ueyjanpje Lap nz uaßjoje uaßunsgjaT ayoınueg ""SUynyY HeH ‘yosor ueßinp-sueH 1emnay JeH rZr egesıoysejsusßeg",,,ok,,D:\Docaro\Tesseract OCR Windows installer\tesseract.exe,D:\Docaro\poppler\Library\bin
2025-12-22T10:26:52,scan_20251124063950.pdf,Förch_GmbH_Co._KG_2025-11-20_1.pdf,Förch GmbH & Co. KG,2025-11-20,lieferdatum,ok,,D:\Docaro\Tesseract OCR Windows installer\tesseract.exe,D:\Docaro\poppler\Library\bin
2025-12-22T10:42:16,scan_20251124063106.pdf,Datum_der_Übergabe_Tag_Monat_Jahr_73e757_unbekanntes-Datum.pdf,"Datum der Übergabe (Tag, Monat, Jahr) Datum der Übernahme (Tag, Monat, Jahr) Datum der Annahme (Tag, Monat, Jahr)",,,ok,,D:\Docaro\Tesseract OCR Windows installer\tesseract.exe,D:\Docaro\poppler\Library\bin
2025-12-22T10:42:19,scan_20251124063139.pdf,Förch_GmbH_Co._KG_20.11.2025.pdf,Förch GmbH & Co. KG,2025-11-20,lieferdatum,ok,,D:\Docaro\Tesseract OCR Windows installer\tesseract.exe,D:\Docaro\poppler\Library\bin
2025-12-22T10:42:26,scan_20251124063727.pdf,Fuchs_20.11.2025.pdf,Fuchs,2025-11-20,fallback,ok,,D:\Docaro\Tesseract OCR Windows installer\tesseract.exe,D:\Docaro\poppler\Library\bin
2025-12-22T10:42:30,scan_20251124063825.pdf,PV_Automotive_21.11.2025.pdf,PV Automotive,2025-11-21,fallback,ok,,D:\Docaro\Tesseract OCR Windows installer\tesseract.exe,D:\Docaro\poppler\Library\bin
2025-12-22T10:42:34,scan_20251124063858.pdf,Tadano_20.11.2025.pdf,Tadano,2025-11-20,document_date,ok,,D:\Docaro\Tesseract OCR Windows installer\tesseract.exe,D:\Docaro\poppler\Library\bin
2025-12-22T10:42:42,scan_20251124063927.pdf,000_._00L_8_0L_2yonS_Id_eysquonsu_4b1fb7_unbekanntes-Datum.pdf,"000, =#.:00L=8:0L=2yonS = | = Id + eysquonsunusßlg senejanı) wnssayduyapjap'um ‚ne uapuy nz ‘szozjeg pue1g ji usßunßuipagsßuniyez pun -SaunIE}2]T ueyjanpje Lap nz uaßjoje uaßunsgjaT ayoınueg ""SUynyY HeH ‘yosor ueßinp-sueH 1emnay JeH rZr egesıoysejsusßeg",,,ok,,D:\Docaro\Tesseract OCR Windows installer\tesseract.exe,D:\Docaro\poppler\Library\bin
2025-12-22T10:42:51,scan_20251124063950.pdf,Förch_GmbH_Co._KG_20.11.2025_1.pdf,Förch GmbH & Co. KG,2025-11-20,lieferdatum,ok,,D:\Docaro\Tesseract OCR Windows installer\tesseract.exe,D:\Docaro\poppler\Library\bin
2025-12-22T10:42:57,scan_20251124115937.pdf,ASM_List_unbekanntes-Datum.pdf,ASM List,,,ok,,D:\Docaro\Tesseract OCR Windows installer\tesseract.exe,D:\Docaro\poppler\Library\bin
2025-12-22T10:43:02,scan_20251126052642.pdf,Vergoelst_25.11.2025.pdf,Vergoelst,2025-11-25,beleg-datum,ok,,D:\Docaro\Tesseract OCR Windows installer\tesseract.exe,D:\Docaro\poppler\Library\bin
2025-12-22T12:58:36,scan_20251120131519.pdf,Liebherr_Ehingen_19.11.2025.pdf,Liebherr_Ehingen,2025-11-19,fallback,ok,,D:\Docaro\Tesseract OCR Windows installer\tesseract.exe,D:\Docaro\poppler\Library\bin
2025-12-22T12:58:43,scan_20251124062752.pdf,Fuchs_20.11.2025.pdf,Fuchs,2025-11-20,fallback,ok,,D:\Docaro\Tesseract OCR Windows installer\tesseract.exe,D:\Docaro\poppler\Library\bin
2025-12-22T12:58:51,scan_20251124063106.pdf,Datum_der_Übergabe_Tag_Monat_Jahr_73e757_unbekanntes-Datum.pdf,"Datum der Übergabe (Tag, Monat, Jahr) Datum der Übernahme (Tag, Monat, Jahr) Datum der Annahme (Tag, Monat, Jahr)",,,ok,,D:\Docaro\Tesseract OCR Windows installer\tesseract.exe,D:\Docaro\poppler\Library\bin
2025-12-22T12:58:54,scan_20251124063139.pdf,Förch_GmbH_Co._KG_20.11.2025.pdf,Förch GmbH & Co. KG,2025-11-20,lieferdatum,ok,,D:\Docaro\Tesseract OCR Windows installer\tesseract.exe,D:\Docaro\poppler\Library\bin
2025-12-22T12:59:02,scan_20251124063727.pdf,Fuchs_20.11.2025_1.pdf,Fuchs,2025-11-20,fallback,ok,,D:\Docaro\Tesseract OCR Windows installer\tesseract.exe,D:\Docaro\poppler\Library\bin
2025-12-22T12:59:06,scan_20251124063825.pdf,PV_Automotive_21.11.2025.pdf,PV Automotive,2025-11-21,fallback,ok,,D:\Docaro\Tesseract OCR Windows installer\tesseract.exe,D:\Docaro\poppler\Library\bin
2025-12-22T12:59:11,scan_20251124063858.pdf,Tadano_20.11.2025.pdf,Tadano,2025-11-20,document_date,ok,,D:\Docaro\Tesseract OCR Windows installer\tesseract.exe,D:\Docaro\poppler\Library\bin
2025-12-22T12:59:19,scan_20251124063927.pdf,000_._00L_8_0L_2yonS_Id_eysquonsu_4b1fb7_unbekanntes-Datum.pdf,"000, =#.:00L=8:0L=2yonS = | = Id + eysquonsunusßlg senejanı) wnssayduyapjap'um ‚ne uapuy nz ‘szozjeg pue1g ji usßunßuipagsßuniyez pun -SaunIE}2]T ueyjanpje Lap nz uaßjoje uaßunsgjaT ayoınueg ""SUynyY HeH ‘yosor ueßinp-sueH 1emnay JeH rZr egesıoysejsusßeg",,,ok,,D:\Docaro\Tesseract OCR Windows installer\tesseract.exe,D:\Docaro\poppler\Library\bin
2025-12-22T14:03:43,scan_20251124063858.pdf,Tadano_20.11.2025.pdf,Tadano,2025-11-20,document_date,ok,,D:\Docaro\Tesseract OCR Windows installer\tesseract.exe,D:\Docaro\poppler\Library\bin
2025-12-22T14:03:52,scan_20251124063927.pdf,WM_unbekanntes-Datum.pdf,WM,,,ok,,D:\Docaro\Tesseract OCR Windows installer\tesseract.exe,D:\Docaro\poppler\Library\bin
2025-12-22T14:04:01,scan_20251124063950.pdf,Förch_GmbH_Co._KG_20.11.2025.pdf,Förch GmbH & Co. KG,2025-11-20,lieferdatum,ok,,D:\Docaro\Tesseract OCR Windows installer\tesseract.exe,D:\Docaro\poppler\Library\bin
2025-12-22T14:04:08,scan_20251124115937.pdf,ASM_List_unbekanntes-Datum.pdf,ASM List,,,ok,,D:\Docaro\Tesseract OCR Windows installer\tesseract.exe,D:\Docaro\poppler\Library\bin
2025-12-22T14:04:13,scan_20251126052642.pdf,Vergoelst_25.11.2025.pdf,Vergoelst,2025-11-25,beleg-datum,ok,,D:\Docaro\Tesseract OCR Windows installer\tesseract.exe,D:\Docaro\poppler\Library\bin
2025-12-22T14:04:17,scan_20251126052720.pdf,PV_Automotive_25.11.2025.pdf,PV Automotive,2025-11-25,fallback,ok,,D:\Docaro\Tesseract OCR Windows installer\tesseract.exe,D:\Docaro\poppler\Library\bin
2025-12-22T14:04:21,scan_20251126052748.pdf,Liebherr_Ehingen_20.11.2025.pdf,Liebherr_Ehingen,2025-11-20,fallback,ok,,D:\Docaro\Tesseract OCR Windows installer\tesseract.exe,D:\Docaro\poppler\Library\bin
2025-12-22T14:04:26,scan_20251126052812.pdf,PV_Automotive_24.11.2025.pdf,PV Automotive,2025-11-24,fallback,ok,,D:\Docaro\Tesseract OCR Windows installer\tesseract.exe,D:\Docaro\poppler\Library\bin
2025-12-22T14:04:31,scan_20251126052848.pdf,Förch_GmbH_Co._KG_20.11.2025_1.pdf,Förch GmbH & Co. KG,2025-11-20,lieferdatum,ok,,D:\Docaro\Tesseract OCR Windows installer\tesseract.exe,D:\Docaro\poppler\Library\bin
2025-12-22T14:04:35,scan_20251126052926.pdf,Fuchs_18.11.2025.pdf,Fuchs,2025-11-18,fallback,ok,,D:\Docaro\Tesseract OCR Windows installer\tesseract.exe,D:\Docaro\poppler\Library\bin
2025-12-22T14:04:42,scan_20251126052959.pdf,Pirtek_24.11.2025.pdf,Pirtek,2025-11-24,fallback,ok,,D:\Docaro\Tesseract OCR Windows installer\tesseract.exe,D:\Docaro\poppler\Library\bin
2025-12-22T14:04:46,scan_20251126053147.pdf,Ortjohann_und_Kraft_Werkzeug-_und_c5de6a_17.11.2025.pdf,"Ortjohann und Kraft Werkzeug- und Maschinenhandel GmbH, Siemensstraße 6. 3",2025-11-17,lieferdatum,ok,,D:\Docaro\Tesseract OCR Windows installer\tesseract.exe,D:\Docaro\poppler\Library\bin
